type,quantity_fp,market_ticker,side,entry_price_dollars,exit_price_dollars,open_fees_dollars,close_fees_dollars,realized_pnl_without_fees_dollars,realized_pnl_with_fees_dollars,close_timestamp,open_timestamp
trade,9.00,KXAAAGASD-26JUL21-4.020,yes,0.7600,0.6000,0.000000,0.000000,-1.440000,-1.440000,2026-07-20T14:06:47-04:00,2026-07-20T13:45:05-04:00
trade,9.00,KXAAAGASD-26JUL21-4.020,yes,0.6400,0.6000,0.000000,0.000000,-0.360000,-0.360000,2026-07-20T14:06:47-04:00,2026-07-20T13:50:04-04:00
trade,1.00,KXAAAGASD-26JUL21-4.010,yes,0.8900,0.8600,0.000000,0.008500,-0.030000,-0.038500,2026-07-20T14:20:38-04:00,2026-07-20T13:45:26-04:00
trade,2.00,KXAAAGASD-26JUL21-4.010,yes,0.8900,0.8600,0.000000,0.016900,-0.060000,-0.076900,2026-07-20T14:21:49-04:00,2026-07-20T13:45:26-04:00
trade,5.00,KXAAAGASD-26JUL21-4.010,yes,0.8900,0.8600,0.000000,0.042200,-0.150000,-0.192200,2026-07-20T14:21:49-04:00,2026-07-20T13:45:26-04:00
trade,0.69,KXAAAGASD-26JUL21-4.020,yes,0.6400,0.5800,0.000000,0.011768,-0.041400,-0.053168,2026-07-20T14:21:51-04:00,2026-07-20T13:50:04-04:00
trade,0.02,KXAAAGASD-26JUL21-4.020,yes,0.6400,0.5800,0.000000,0.000341,-0.001200,-0.001541,2026-07-20T14:21:51-04:00,2026-07-20T13:51:21-04:00
trade,8.29,KXAAAGASD-26JUL21-4.020,yes,0.5900,0.5800,0.000000,0.141390,-0.082900,-0.224290,2026-07-20T14:21:51-04:00,2026-07-20T14:03:10-04:00
trade,3.71,KXAAAGASD-26JUL21-4.020,yes,0.5900,0.5800,0.000000,0.063348,-0.037100,-0.100448,2026-07-20T14:21:51-04:00,2026-07-20T14:03:10-04:00
trade,2.00,KXAAAGASD-26JUL21-4.025,no,0.5200,0.5000,0.000000,0.035000,-0.040000,-0.075000,2026-07-20T14:21:52-04:00,2026-07-20T13:54:24-04:00
trade,3.00,KXAAAGASD-26JUL21-4.025,no,0.5200,0.4900,0.000000,0.052500,-0.090000,-0.142500,2026-07-20T14:21:54-04:00,2026-07-20T13:54:24-04:00
trade,1.12,KXAAAGASD-26JUL21-4.025,no,0.5200,0.4900,0.000000,0.019592,-0.033600,-0.053192,2026-07-20T14:21:54-04:00,2026-07-20T13:54:24-04:00
trade,13.88,KXAAAGASD-26JUL21-4.025,no,0.5200,0.4900,0.000000,0.242807,-0.416400,-0.659207,2026-07-20T14:21:54-04:00,2026-07-20T14:03:32-04:00
trade,3.67,KXAAAGASD-26JUL21-4.030,yes,0.1900,0.1700,0.000000,0.036300,-0.073400,-0.109700,2026-07-20T14:21:55-04:00,2026-07-20T14:00:16-04:00
trade,1.00,KXAAAGASD-26JUL21-4.030,yes,0.1900,0.1600,0.000000,0.009500,-0.030000,-0.039500,2026-07-20T14:21:56-04:00,2026-07-20T14:00:16-04:00
trade,1.00,KXAAAGASD-26JUL21-4.030,yes,0.1900,0.1600,0.000000,0.009500,-0.030000,-0.039500,2026-07-20T14:21:56-04:00,2026-07-20T14:00:16-04:00
trade,1.00,KXAAAGASD-26JUL21-4.030,yes,0.1900,0.1500,0.000000,0.009000,-0.040000,-0.049000,2026-07-20T14:21:56-04:00,2026-07-20T14:00:16-04:00
trade,5.33,KXAAAGASD-26JUL21-4.030,yes,0.1900,0.1500,0.000000,0.047601,-0.213200,-0.260801,2026-07-20T14:21:56-04:00,2026-07-20T14:00:16-04:00
trade,7.67,KXAAAGASD-26JUL21-4.030,yes,0.1900,0.1500,0.000000,0.068499,-0.306800,-0.375299,2026-07-20T14:21:56-04:00,2026-07-20T14:00:40-04:00
trade,20.00,KXTEMPAUSH-26JUL2015-T91.99,no,0.0700,0.0100,0.000000,0.013900,-1.200000,-1.213900,2026-07-20T14:21:58-04:00,2026-07-20T14:09:44-04:00
trade,9.77,KXTEMPAUSH-26JUL2015-T92.99,no,0.1400,0.0400,0.000000,0.026300,-0.977000,-1.003300,2026-07-20T14:21:59-04:00,2026-07-20T14:09:44-04:00
trade,1.00,KXTEMPAUSH-26JUL2015-T92.99,no,0.1400,0.0200,0.000000,0.001400,-0.120000,-0.121400,2026-07-20T14:22:01-04:00,2026-07-20T14:09:44-04:00
trade,9.00,KXTEMPAUSH-26JUL2015-T92.99,no,0.1400,0.0200,0.000000,0.012400,-1.080000,-1.092400,2026-07-20T14:22:01-04:00,2026-07-20T14:09:44-04:00
trade,20.00,KXAAAGASW-26JUL27-4.060,no,0.0500,0.0500,0.000000,0.066500,0.000000,-0.066500,2026-07-20T14:22:02-04:00,2026-07-20T14:04:05-04:00
trade,0.29,KXAAAGASD-26JUL21-4.020,no,0.4200,0.3000,0.004951,0.000000,-0.034800,-0.039751,2026-07-20T15:45:48-04:00,2026-07-20T14:21:51-04:00
trade,1.38,KXAAAGASD-26JUL21-4.020,no,0.2900,0.3000,0.000000,0.000000,0.013800,0.013800,2026-07-20T15:45:48-04:00,2026-07-20T15:30:09-04:00
trade,8.33,KXAAAGASD-26JUL21-4.020,no,0.2900,0.3000,0.000000,0.000000,0.083300,0.083300,2026-07-20T15:45:48-04:00,2026-07-20T15:34:58-04:00
trade,0.23,KXTEMPAUSH-26JUL2015-T92.99,no,0.1400,0.0000,0.000000,0.000000,-0.032200,-0.032200,2026-07-20T16:20:49-04:00,2026-07-20T14:09:44-04:00
trade,5.47,KXAAAGASD-26JUL21-4.020,no,0.2900,0.3500,0.000000,0.000000,0.328200,0.328200,2026-07-20T17:48:25-04:00,2026-07-20T15:34:58-04:00
trade,0.97,KXAAAGASD-26JUL21-4.020,no,0.2900,0.3500,0.000000,0.000000,0.058200,0.058200,2026-07-20T17:48:25-04:00,2026-07-20T15:36:20-04:00
trade,2.68,KXAAAGASD-26JUL21-4.015,no,0.1800,0.1300,0.000000,0.000000,-0.134000,-0.134000,2026-07-20T17:58:52-04:00,2026-07-20T15:39:02-04:00
trade,3.56,KXAAAGASD-26JUL21-4.020,no,0.2900,0.3500,0.000000,0.000000,0.213600,0.213600,2026-07-20T18:03:10-04:00,2026-07-20T15:36:20-04:00
trade,1.40,KXAAAGASD-26JUL21-4.015,no,0.1800,0.1300,0.000000,0.000000,-0.070000,-0.070000,2026-07-20T18:06:58-04:00,2026-07-20T15:39:02-04:00
trade,15.92,KXAAAGASD-26JUL21-4.015,no,0.1800,0.1300,0.000000,0.000000,-0.796000,-0.796000,2026-07-20T18:06:58-04:00,2026-07-20T15:44:34-04:00
trade,5.61,KXTEMPAUSH-26JUL2021-T92.99,yes,0.7500,0.5100,0.000000,0.000000,-1.346400,-1.346400,2026-07-20T20:22:09-04:00,2026-07-20T20:14:12-04:00
trade,7.00,KXAAAGASD-26JUL21-4.010,no,0.0800,0.0400,0.000000,0.000000,-0.280000,-0.280000,2026-07-20T20:22:40-04:00,2026-07-20T15:44:30-04:00
trade,4.39,KXTEMPAUSH-26JUL2021-T92.99,yes,0.7500,0.5100,0.000000,0.000000,-1.053600,-1.053600,2026-07-20T20:28:00-04:00,2026-07-20T20:14:12-04:00
trade,1.00,KXTEMPAUSH-26JUL2021-T88.99,no,0.1100,0.0200,0.000000,0.001400,-0.090000,-0.091400,2026-07-20T20:34:10-04:00,2026-07-20T20:21:24-04:00
trade,19.00,KXTEMPAUSH-26JUL2021-T88.99,no,0.1100,0.0200,0.000000,0.026100,-1.710000,-1.736100,2026-07-20T20:34:10-04:00,2026-07-20T20:21:24-04:00
trade,5.00,KXTEMPAUSH-26JUL2021-T89.99,no,0.1400,0.1400,0.000000,0.042200,0.000000,-0.042200,2026-07-20T20:34:11-04:00,2026-07-20T20:15:11-04:00
trade,9.18,KXTEMPAUSH-26JUL2021-T89.99,no,0.1400,0.1400,0.000000,0.077400,0.000000,-0.077400,2026-07-20T20:34:11-04:00,2026-07-20T20:15:11-04:00
trade,5.00,KXTEMPAUSH-26JUL2021-T89.99,no,0.1400,0.1300,0.000000,0.039600,-0.050000,-0.089600,2026-07-20T20:34:12-04:00,2026-07-20T20:15:11-04:00
trade,5.00,KXTEMPAUSH-26JUL2021-T90.99,no,0.1400,0.1300,0.000000,0.039600,-0.050000,-0.089600,2026-07-20T20:34:14-04:00,2026-07-20T20:15:19-04:00
trade,1.00,KXTEMPAUSH-26JUL2021-T90.99,no,0.1400,0.1300,0.000000,0.007920,-0.010000,-0.017920,2026-07-20T20:34:14-04:00,2026-07-20T20:15:19-04:00
trade,14.00,KXTEMPAUSH-26JUL2021-T90.99,no,0.1400,0.1300,0.000000,0.110880,-0.140000,-0.250880,2026-07-20T20:34:14-04:00,2026-07-20T20:15:46-04:00
trade,20.00,KXTEMPAUSH-26JUL2021-T90.99,no,0.1300,0.1300,0.000000,0.158400,0.000000,-0.158400,2026-07-20T20:34:14-04:00,2026-07-20T20:17:08-04:00
trade,8.00,KXTEMPAUSH-26JUL2021-T91.99,yes,0.8600,0.7500,0.000000,0.105000,-0.880000,-0.985000,2026-07-20T20:34:15-04:00,2026-07-20T20:15:34-04:00
trade,8.00,KXTEMPAUSH-26JUL2021-T91.99,yes,0.8600,0.7500,0.000000,0.105000,-0.880000,-0.985000,2026-07-20T20:34:15-04:00,2026-07-20T20:28:23-04:00
trade,13.00,KXTEMPAUSH-26JUL2021-T94.99,yes,0.1300,0.0200,0.000000,0.017900,-1.430000,-1.447900,2026-07-20T20:34:17-04:00,2026-07-20T20:13:23-04:00
trade,7.00,KXTEMPAUSH-26JUL2021-T94.99,yes,0.1300,0.0200,0.000000,0.009618,-0.770000,-0.779618,2026-07-20T20:34:17-04:00,2026-07-20T20:13:23-04:00
trade,20.00,KXTEMPAUSH-26JUL2021-T94.99,yes,0.1100,0.0200,0.000000,0.027481,-1.800000,-1.827481,2026-07-20T20:34:17-04:00,2026-07-20T20:17:22-04:00
trade,1.00,KXTEMPCHIH-26JUL2021-T76.99,no,0.1200,0.0300,0.000000,0.002100,-0.090000,-0.092100,2026-07-20T20:34:19-04:00,2026-07-20T20:23:08-04:00
trade,11.00,KXTEMPCHIH-26JUL2021-T76.99,no,0.1200,0.0300,0.000000,0.022500,-0.990000,-1.012500,2026-07-20T20:34:19-04:00,2026-07-20T20:23:08-04:00
trade,1.00,KXTEMPCHIH-26JUL2021-T76.99,no,0.1200,0.0200,0.000000,0.001400,-0.100000,-0.101400,2026-07-20T20:34:19-04:00,2026-07-20T20:23:08-04:00
trade,4.00,KXTEMPCHIH-26JUL2021-T76.99,no,0.1200,0.0200,0.000000,0.005500,-0.400000,-0.405500,2026-07-20T20:34:20-04:00,2026-07-20T20:23:08-04:00
trade,3.00,KXTEMPCHIH-26JUL2021-T76.99,no,0.1200,0.0100,0.000000,0.002100,-0.330000,-0.332100,2026-07-20T20:34:21-04:00,2026-07-20T20:23:08-04:00
trade,12.00,KXTEMPLAXH-26JUL2021-T75.99,yes,0.6200,0.4400,0.000000,0.207000,-2.160000,-2.367000,2026-07-20T20:36:09-04:00,2026-07-20T20:35:28-04:00
trade,6.01,KXTEMPAUSH-26JUL2021-T92.99,yes,0.6700,0.3000,0.000000,0.088400,-2.223700,-2.312100,2026-07-20T20:36:11-04:00,2026-07-20T20:35:15-04:00
trade,4.99,KXTEMPAUSH-26JUL2021-T92.99,yes,0.6700,0.3000,0.000000,0.073400,-1.846300,-1.919700,2026-07-20T20:36:11-04:00,2026-07-20T20:35:15-04:00
trade,11.82,KXTEMPAUSH-26JUL2021-T93.99,yes,0.0600,0.0600,0.000000,0.046700,0.000000,-0.046700,2026-07-20T20:36:13-04:00,2026-07-20T20:34:53-04:00
trade,5.00,KXTEMPAUSH-26JUL2021-T93.99,yes,0.0600,0.0600,0.000000,0.019800,0.000000,-0.019800,2026-07-20T20:36:13-04:00,2026-07-20T20:34:53-04:00
trade,3.18,KXTEMPAUSH-26JUL2021-T93.99,yes,0.0600,0.0600,0.000000,0.012600,0.000000,-0.012600,2026-07-20T20:36:13-04:00,2026-07-20T20:34:53-04:00
trade,1.00,KXTEMPDCH-26JUL2021-T78.99,no,0.2500,0.0400,0.000000,0.002700,-0.210000,-0.212700,2026-07-20T20:38:04-04:00,2026-07-20T20:37:16-04:00
trade,4.00,KXTEMPDCH-26JUL2021-T78.99,no,0.2500,0.0300,0.000000,0.008181,-0.880000,-0.888181,2026-07-20T20:38:05-04:00,2026-07-20T20:37:16-04:00
trade,7.00,KXTEMPDCH-26JUL2021-T78.99,no,0.2500,0.0300,0.000000,0.014318,-1.540000,-1.554318,2026-07-20T20:38:05-04:00,2026-07-20T20:37:24-04:00
trade,8.00,KXTEMPDCH-26JUL2021-T78.99,no,0.2500,0.0300,0.000000,0.016300,-1.760000,-1.776300,2026-07-20T20:38:05-04:00,2026-07-20T20:37:24-04:00
trade,1.00,KXTEMPDCH-26JUL2021-T79.99,no,0.2900,0.0300,0.000000,0.002100,-0.260000,-0.262100,2026-07-20T20:38:07-04:00,2026-07-20T20:37:24-04:00
trade,19.00,KXTEMPDCH-26JUL2021-T79.99,no,0.2900,0.0200,0.000000,0.026100,-5.130000,-5.156100,2026-07-20T20:38:07-04:00,2026-07-20T20:37:24-04:00
trade,0.04,KXTEMPDCH-26JUL2021-T80.99,no,0.2900,0.1900,0.000000,0.000500,-0.004000,-0.004500,2026-07-20T20:38:09-04:00,2026-07-20T20:37:50-04:00
trade,1.00,KXTEMPDCH-26JUL2021-T80.99,no,0.2900,0.1900,0.000000,0.010800,-0.100000,-0.110800,2026-07-20T20:38:09-04:00,2026-07-20T20:37:50-04:00
trade,1.00,KXTEMPDCH-26JUL2021-T80.99,no,0.2900,0.1100,0.000000,0.006900,-0.180000,-0.186900,2026-07-20T20:38:10-04:00,2026-07-20T20:37:50-04:00
trade,1.27,KXTEMPDCH-26JUL2021-T80.99,no,0.2900,0.0900,0.000000,0.007300,-0.254000,-0.261300,2026-07-20T20:38:10-04:00,2026-07-20T20:37:50-04:00
trade,2.00,KXTEMPDCH-26JUL2021-T80.99,no,0.2900,0.0300,0.000000,0.004100,-0.520000,-0.524100,2026-07-20T20:38:11-04:00,2026-07-20T20:37:50-04:00
trade,14.69,KXTEMPDCH-26JUL2021-T80.99,no,0.2900,0.0300,0.000000,0.029967,-3.819400,-3.849367,2026-07-20T20:38:11-04:00,2026-07-20T20:37:50-04:00
trade,4.00,KXTEMPCHIH-26JUL2021-T77.99,yes,0.8700,0.8300,0.000000,0.039600,-0.160000,-0.199600,2026-07-20T20:38:12-04:00,2026-07-20T20:37:28-04:00
trade,4.00,KXTEMPCHIH-26JUL2021-T77.99,yes,0.8700,0.8300,0.000000,0.039600,-0.160000,-0.199600,2026-07-20T20:38:12-04:00,2026-07-20T20:37:28-04:00
trade,4.00,KXTEMPAUSH-26JUL2021-T90.99,yes,0.8600,0.8600,0.000000,0.033800,0.000000,-0.033800,2026-07-20T20:38:14-04:00,2026-07-20T20:37:05-04:00
trade,4.00,KXTEMPAUSH-26JUL2021-T90.99,yes,0.8600,0.8600,0.000000,0.033800,0.000000,-0.033800,2026-07-20T20:38:14-04:00,2026-07-20T20:37:05-04:00
trade,5.00,KXTEMPLAXH-26JUL2021-T74.99,no,0.0900,0.0900,0.000000,0.028700,0.000000,-0.028700,2026-07-20T20:38:16-04:00,2026-07-20T20:36:22-04:00
trade,4.00,KXTEMPLAXH-26JUL2021-T74.99,no,0.0900,0.0900,0.000000,0.023000,0.000000,-0.023000,2026-07-20T20:38:16-04:00,2026-07-20T20:36:22-04:00
trade,5.00,KXTEMPLAXH-26JUL2021-T74.99,no,0.0900,0.0900,0.000000,0.028700,0.000000,-0.028700,2026-07-20T20:38:16-04:00,2026-07-20T20:36:22-04:00
trade,13.00,KXAAAGASD-26JUL21-4.010,no,0.0800,0.0400,0.000000,0.035000,-0.520000,-0.555000,2026-07-20T20:38:17-04:00,2026-07-20T15:44:30-04:00
trade,1.00,KXTEMPLAXH-26JUL2021-T74.99,no,0.0900,0.0000,0.000000,0.000000,-0.090000,-0.090000,2026-07-20T22:31:00-04:00,2026-07-20T20:36:22-04:00
trade,0.31,KXTEMPDCH-26JUL2021-T80.99,yes,0.9700,1.0000,0.000632,0.000000,0.009300,0.008667,2026-07-20T22:31:00-04:00,2026-07-20T20:38:11-04:00
trade,0.82,KXTEMPAUSH-26JUL2021-T89.99,no,0.1400,0.0000,0.000000,0.000000,-0.114800,-0.114800,2026-07-20T22:31:00-04:00,2026-07-20T20:15:11-04:00
trade,0.29,KXAAAGASD-26JUL21-4.020,no,0.2900,1.0000,0.000000,0.000000,0.205900,0.205900,2026-07-21T07:40:20-04:00,2026-07-20T15:36:20-04:00
trade,0.12,KXAAAGASD-26JUL21-4.025,no,0.5200,1.0000,0.000000,0.000000,0.057600,0.057600,2026-07-21T07:40:20-04:00,2026-07-20T14:03:32-04:00
trade,0.33,KXAAAGASD-26JUL21-4.030,yes,0.1900,0.0000,0.000000,0.000000,-0.062700,-0.062700,2026-07-21T07:40:20-04:00,2026-07-20T14:00:40-04:00
trade,8.00,KXTEMPAUSH-26JUL2123-T84.99,no,0.8700,0.8800,0.000000,0.000000,0.080000,0.080000,2026-07-21T22:29:24-04:00,2026-07-21T22:28:43-04:00
trade,13.00,KXTEMPAUSH-26JUL2123-T82.99,no,0.5500,0.5600,0.000000,0.000000,0.130000,0.130000,2026-07-21T22:29:28-04:00,2026-07-21T22:28:02-04:00
trade,10.00,KXTEMPCHIH-26JUL2123-T70.99,yes,0.7000,0.2300,0.000000,0.000000,-4.700000,-4.700000,2026-07-21T22:31:17-04:00,2026-07-21T22:28:18-04:00
trade,1.00,KXTEMPAUSH-26JUL2123-T83.99,no,0.7000,0.7100,0.000000,0.000000,0.010000,0.010000,2026-07-21T22:32:14-04:00,2026-07-21T22:27:42-04:00
trade,11.00,KXTEMPDCH-26JUL2123-T73.99,yes,0.6600,0.1500,0.000000,0.000000,-5.610000,-5.610000,2026-07-21T22:34:04-04:00,2026-07-21T22:27:17-04:00
trade,6.00,KXTEMPDCH-26JUL2123-T73.99,yes,0.3300,0.1500,0.000000,0.000000,-1.080000,-1.080000,2026-07-21T22:34:04-04:00,2026-07-21T22:29:53-04:00
trade,1.00,KXTEMPCHIH-26JUL2123-T69.99,no,0.1900,0.2000,0.000000,0.000000,0.010000,0.010000,2026-07-21T22:34:31-04:00,2026-07-21T22:27:36-04:00
trade,5.00,KXTEMPCHIH-26JUL2123-T69.99,no,0.1900,0.2000,0.000000,0.000000,0.050000,0.050000,2026-07-21T22:34:31-04:00,2026-07-21T22:30:30-04:00
trade,12.00,KXTEMPAUSH-26JUL2123-T84.99,yes,0.1200,0.0700,0.000000,0.000000,-0.600000,-0.600000,2026-07-21T22:35:09-04:00,2026-07-21T22:29:24-04:00
trade,7.00,KXAAAGASD-26JUL22-4.055,no,0.1300,0.1100,0.000000,0.000000,-0.140000,-0.140000,2026-07-21T23:33:49-04:00,2026-07-21T22:33:44-04:00
credit,0.00,,,0.0000,0.0000,0.000000,0.000000,1.140000,1.140000,2026-07-21T01:36:39-04:00,2026-07-21T01:36:39-04:00
credit,0.00,,,0.0000,0.0000,0.000000,0.000000,1.010000,1.010000,2026-07-21T01:36:39-04:00,2026-07-21T01:36:39-04:00
credit,0.00,,,0.0000,0.0000,0.000000,0.000000,1.730000,1.730000,2026-07-21T02:50:27-04:00,2026-07-21T02:50:27-04:00
credit,0.00,,,0.0000,0.0000,0.000000,0.000000,1.330000,1.330000,2026-07-21T02:50:27-04:00,2026-07-21T02:50:27-04:00
credit,0.00,,,0.0000,0.0000,0.000000,0.000000,7.390000,7.390000,2026-07-21T02:50:27-04:00,2026-07-21T02:50:27-04:00
credit,0.00,,,0.0000,0.0000,0.000000,0.000000,2.290000,2.290000,2026-07-21T02:50:27-04:00,2026-07-21T02:50:27-04:00
credit,0.00,,,0.0000,0.0000,0.000000,0.000000,3.740000,3.740000,2026-07-21T02:50:27-04:00,2026-07-21T02:50:27-04:00
trade,15.00,KXTEMPCHIH-26JUL2123-T69.99,no,0.1900,0.0000,0.000000,0.000000,-2.850000,-2.850000,2026-07-22T00:31:04-04:00,2026-07-21T22:33:18-04:00
trade,7.00,KXTEMPCHIH-26JUL2123-T70.99,yes,0.6500,0.0000,0.000000,0.000000,-4.550000,-4.550000,2026-07-22T00:31:04-04:00,2026-07-21T22:33:06-04:00
trade,1.00,KXTEMPCHIH-26JUL2123-T70.99,yes,0.6500,0.0000,0.000000,0.000000,-0.650000,-0.650000,2026-07-22T00:31:04-04:00,2026-07-21T22:33:08-04:00
trade,4.00,KXTEMPAUSH-26JUL2123-T82.99,yes,0.4400,0.0000,0.000000,0.000000,-1.760000,-1.760000,2026-07-22T00:31:04-04:00,2026-07-21T22:29:28-04:00
trade,0.05,KXTEMPAUSH-26JUL2123-T83.99,no,0.7000,1.0000,0.000000,0.000000,0.015000,0.015000,2026-07-22T00:31:04-04:00,2026-07-21T22:27:42-04:00
trade,2.88,KXTEMPAUSH-26JUL2123-T83.99,no,0.7000,1.0000,0.000000,0.000000,0.864000,0.864000,2026-07-22T00:31:04-04:00,2026-07-21T22:30:38-04:00
trade,0.50,KXTEMPAUSH-26JUL2123-T84.99,yes,0.0800,0.0000,0.000000,0.000000,-0.040000,-0.040000,2026-07-22T00:31:04-04:00,2026-07-21T22:33:15-04:00
trade,14.50,KXTEMPAUSH-26JUL2123-T84.99,yes,0.0800,0.0000,0.000000,0.000000,-1.160000,-1.160000,2026-07-22T00:31:04-04:00,2026-07-21T22:34:13-04:00
trade,8.00,KXTEMPDCH-26JUL2123-T72.99,yes,0.8500,1.0000,0.000000,0.000000,1.200000,1.200000,2026-07-22T00:31:04-04:00,2026-07-21T22:29:17-04:00
trade,14.00,KXTEMPDCH-26JUL2123-T73.99,yes,0.3300,1.0000,0.000000,0.000000,9.380000,9.380000,2026-07-22T00:31:04-04:00,2026-07-21T22:29:53-04:00
trade,8.00,KXTEMPDCH-26JUL2123-T73.99,yes,0.3000,1.0000,0.000000,0.000000,5.600000,5.600000,2026-07-22T00:31:04-04:00,2026-07-21T22:32:27-04:00
trade,16.00,KXAAAGASW-26JUL27-4.100,no,0.0900,0.0700,0.000000,0.000000,-0.320000,-0.320000,2026-07-22T04:34:00-04:00,2026-07-22T00:48:38-04:00
trade,4.00,KXAAAGASW-26JUL27-4.100,no,0.0900,0.1000,0.000000,0.000000,0.040000,0.040000,2026-07-22T04:39:40-04:00,2026-07-22T00:48:38-04:00
trade,1.00,KXTEMPCHIH-26JUL2206-T59.99,no,0.0500,0.0400,0.000000,0.000000,-0.010000,-0.010000,2026-07-22T05:34:58-04:00,2026-07-22T05:17:14-04:00
trade,3.83,KXTEMPCHIH-26JUL2206-T59.99,no,0.0500,0.0400,0.000000,0.000000,-0.038300,-0.038300,2026-07-22T05:35:02-04:00,2026-07-22T05:17:14-04:00
trade,5.00,KXTEMPCHIH-26JUL2206-T59.99,no,0.0500,0.0400,0.000000,0.000000,-0.050000,-0.050000,2026-07-22T05:35:02-04:00,2026-07-22T05:17:22-04:00
trade,3.00,KXTEMPCHIH-26JUL2206-T59.99,no,0.0500,0.0400,0.000000,0.000000,-0.030000,-0.030000,2026-07-22T05:35:02-04:00,2026-07-22T05:17:24-04:00
trade,2.17,KXTEMPCHIH-26JUL2206-T59.99,no,0.0500,0.0400,0.000000,0.000000,-0.021700,-0.021700,2026-07-22T05:35:02-04:00,2026-07-22T05:17:31-04:00
trade,2.02,KXTEMPAUSH-26JUL2207-T77.99,no,0.1500,0.1600,0.000000,0.000000,0.020200,0.020200,2026-07-22T06:04:54-04:00,2026-07-22T06:04:48-04:00
trade,5.00,KXTEMPAUSH-26JUL2207-T77.99,yes,0.8400,0.8200,0.000000,0.000000,-0.100000,-0.100000,2026-07-22T06:42:32-04:00,2026-07-22T06:04:54-04:00
trade,9.00,KXTEMPAUSH-26JUL2208-T75.99,yes,0.7800,0.7600,0.000000,0.000000,-0.180000,-0.180000,2026-07-22T07:11:36-04:00,2026-07-22T07:08:38-04:00
trade,9.00,KXTEMPAUSH-26JUL2208-T75.99,yes,0.7700,0.7600,0.000000,0.000000,-0.090000,-0.090000,2026-07-22T07:28:28-04:00,2026-07-22T07:17:28-04:00
trade,20.00,KXTEMPNYCH-26JUL2206-T69.99,no,0.1000,0.0000,0.000000,0.000000,-2.000000,-2.000000,2026-07-22T07:30:44-04:00,2026-07-22T05:05:16-04:00
trade,20.00,KXTEMPCHIH-26JUL2206-T58.99,no,0.0700,0.0000,0.000000,0.000000,-1.400000,-1.400000,2026-07-22T07:30:44-04:00,2026-07-22T05:05:21-04:00
trade,2.00,KXTEMPCHIH-26JUL2206-T59.99,no,0.0500,0.0000,0.000000,0.000000,-0.100000,-0.100000,2026-07-22T07:30:44-04:00,2026-07-22T05:17:31-04:00
trade,20.00,KXTEMPDCH-26JUL2206-T71.99,no,0.0500,0.0000,0.000000,0.000000,-1.000000,-1.000000,2026-07-22T07:30:54-04:00,2026-07-22T05:12:03-04:00
trade,0.08,KXAAAGASD-26JUL22-4.055,no,0.1300,0.0000,0.000000,0.000000,-0.010400,-0.010400,2026-07-22T08:05:44-04:00,2026-07-21T22:33:44-04:00
trade,0.98,KXTEMPAUSH-26JUL2207-T77.99,yes,0.8400,0.0000,0.000000,0.000000,-0.823200,-0.823200,2026-07-22T08:30:54-04:00,2026-07-22T06:04:54-04:00
trade,20.00,KXTEMPCHIH-26JUL2207-T59.99,no,0.1400,0.0000,0.000000,0.000000,-2.800000,-2.800000,2026-07-22T08:30:54-04:00,2026-07-22T06:04:08-04:00
trade,20.00,KXTEMPCHIH-26JUL2208-T59.99,no,0.1100,0.0000,0.000000,0.000000,-2.200000,-2.200000,2026-07-22T09:31:14-04:00,2026-07-22T07:10:27-04:00
trade,10.00,KXTEMPNYCH-26JUL2211-T78.99,no,0.3900,0.4000,0.000000,0.000000,0.100000,0.100000,2026-07-22T10:04:32-04:00,2026-07-22T10:03:35-04:00
trade,2.00,KXTEMPNYCH-26JUL2211-T78.99,no,0.3900,0.4000,0.000000,0.000000,0.020000,0.020000,2026-07-22T10:04:41-04:00,2026-07-22T10:03:35-04:00
trade,1.29,KXAAAGASW-26JUL27-4.120,yes,0.8600,0.8400,0.000000,0.000000,-0.025800,-0.025800,2026-07-22T10:16:36-04:00,2026-07-22T09:46:23-04:00
trade,16.00,KXTEMPLAXH-26JUL2211-T69.99,no,0.1200,0.1000,0.000000,0.000000,-0.320000,-0.320000,2026-07-22T10:17:00-04:00,2026-07-22T10:04:12-04:00
trade,7.00,KXTEMPNYCH-26JUL2211-T78.99,no,0.3900,0.3700,0.000000,0.000000,-0.140000,-0.140000,2026-07-22T10:19:01-04:00,2026-07-22T10:03:35-04:00
trade,4.00,KXTEMPLAXH-26JUL2211-T69.99,no,0.1200,0.1800,0.000000,0.000000,0.240000,0.240000,2026-07-22T10:25:49-04:00,2026-07-22T10:04:12-04:00
trade,1.00,KXTEMPLAXH-26JUL2211-T69.99,no,0.1800,0.1800,0.000000,0.000000,0.000000,0.000000,2026-07-22T10:25:49-04:00,2026-07-22T10:23:36-04:00
trade,13.00,KXTEMPLAXH-26JUL2211-T69.99,no,0.1800,0.1800,0.000000,0.000000,0.000000,0.000000,2026-07-22T10:26:13-04:00,2026-07-22T10:23:36-04:00
trade,6.00,KXTEMPLAXH-26JUL2211-T69.99,no,0.1800,0.1800,0.000000,0.000000,0.000000,0.000000,2026-07-22T10:32:36-04:00,2026-07-22T10:23:36-04:00
trade,20.00,KXTEMPLAXH-26JUL2211-T70.99,yes,0.2800,0.2600,0.000000,0.000000,-0.400000,-0.400000,2026-07-22T10:35:12-04:00,2026-07-22T10:24:00-04:00
trade,19.00,KXTEMPCHIH-26JUL2211-T67.99,no,0.2400,0.2200,0.000000,0.000000,-0.380000,-0.380000,2026-07-22T10:45:28-04:00,2026-07-22T10:05:23-04:00
trade,1.00,KXTEMPCHIH-26JUL2211-T67.99,no,0.2400,0.5500,0.000000,0.000000,0.310000,0.310000,2026-07-22T10:50:47-04:00,2026-07-22T10:05:23-04:00
trade,6.71,KXAAAGASW-26JUL27-4.120,yes,0.8600,0.8400,0.000000,0.000000,-0.134200,-0.134200,2026-07-22T11:09:29-04:00,2026-07-22T09:46:23-04:00
trade,14.00,KXAAAGASD-26JUL23-4.100,yes,0.5200,0.5000,0.000000,0.000000,-0.280000,-0.280000,2026-07-22T11:11:51-04:00,2026-07-22T10:54:05-04:00
trade,3.85,KXTEMPCHIH-26JUL2212-T69.99,yes,0.7100,0.7200,0.000000,0.000000,0.038500,0.038500,2026-07-22T11:12:03-04:00,2026-07-22T11:11:52-04:00
trade,10.00,KXTEMPCHIH-26JUL2212-T69.99,no,0.2800,0.2900,0.000000,0.000000,0.100000,0.100000,2026-07-22T11:13:45-04:00,2026-07-22T11:12:03-04:00
trade,6.00,KXTEMPCHIH-26JUL2212-T69.99,no,0.2800,0.2900,0.000000,0.000000,0.060000,0.060000,2026-07-22T11:13:53-04:00,2026-07-22T11:12:03-04:00
trade,3.55,KXTEMPNYCH-26JUL2212-T80.99,no,0.1000,0.1100,0.000000,0.000000,0.035500,0.035500,2026-07-22T11:21:16-04:00,2026-07-22T11:12:13-04:00
trade,8.00,KXAAAGASW-26JUL27-4.100,yes,0.9000,0.9000,0.000000,0.000000,0.000000,0.000000,2026-07-22T11:21:36-04:00,2026-07-22T10:52:54-04:00
trade,2.00,KXTEMPLAXH-26JUL2212-T70.99,yes,0.7600,0.7700,0.000000,0.000000,0.020000,0.020000,2026-07-22T11:21:54-04:00,2026-07-22T11:18:44-04:00
trade,0.15,KXTEMPCHIH-26JUL2212-T69.99,no,0.2800,0.3900,0.000000,0.000000,0.016500,0.016500,2026-07-22T11:23:21-04:00,2026-07-22T11:12:03-04:00
trade,3.00,KXTEMPAUSH-26JUL2212-T95.99,no,0.1400,0.1200,0.000000,0.000000,-0.060000,-0.060000,2026-07-22T11:27:41-04:00,2026-07-22T11:19:50-04:00
trade,20.00,KXTEMPCHIH-26JUL2211-T66.99,no,0.1200,0.0000,0.000000,0.000000,-2.400000,-2.400000,2026-07-22T12:30:54-04:00,2026-07-22T10:05:23-04:00
trade,10.00,KXAAAGASD-26JUL23-4.105,no,0.6900,0.7000,0.000000,0.000000,0.100000,0.100000,2026-07-22T13:00:37-04:00,2026-07-22T12:47:28-04:00
trade,3.46,KXAAAGASD-26JUL23-4.100,no,0.5800,0.5600,0.000000,0.000000,-0.069200,-0.069200,2026-07-22T13:18:52-04:00,2026-07-22T12:49:00-04:00
trade,0.91,KXTEMPLAXH-26JUL2212-T70.99,yes,0.7600,0.0000,0.000000,0.000000,-0.691600,-0.691600,2026-07-22T13:30:54-04:00,2026-07-22T11:18:44-04:00
trade,15.00,KXTEMPLAXH-26JUL2212-T71.99,yes,0.4800,0.0000,0.000000,0.000000,-7.200000,-7.200000,2026-07-22T13:30:54-04:00,2026-07-22T11:14:26-04:00
trade,16.45,KXTEMPNYCH-26JUL2212-T80.99,no,0.1000,0.0000,0.000000,0.000000,-1.645000,-1.645000,2026-07-22T13:30:54-04:00,2026-07-22T11:12:13-04:00
trade,11.85,KXTEMPCHIH-26JUL2212-T69.99,yes,0.6100,0.0000,0.000000,0.000000,-7.228500,-7.228500,2026-07-22T13:30:54-04:00,2026-07-22T11:23:21-04:00
trade,0.78,KXTEMPAUSH-26JUL2212-T95.99,no,0.1400,0.0000,0.000000,0.000000,-0.109200,-0.109200,2026-07-22T13:30:54-04:00,2026-07-22T11:19:50-04:00
trade,8.00,KXAAAGASD-26JUL23-4.100,no,0.5800,0.5700,0.000000,0.000000,-0.080000,-0.080000,2026-07-22T13:34:51-04:00,2026-07-22T12:49:00-04:00
trade,0.54,KXAAAGASD-26JUL23-4.100,no,0.5800,0.5600,0.000000,0.000000,-0.010800,-0.010800,2026-07-22T14:32:30-04:00,2026-07-22T12:49:00-04:00
trade,6.00,KXAAAGASD-26JUL23-4.100,yes,0.4400,0.4500,0.000000,0.000000,0.060000,0.060000,2026-07-22T14:33:52-04:00,2026-07-22T14:32:30-04:00
trade,7.00,KXAAAGASD-26JUL23-4.095,yes,0.7300,0.7300,0.000000,0.000000,0.000000,0.000000,2026-07-22T14:45:37-04:00,2026-07-22T14:32:26-04:00
trade,0.16,KXAAAGASD-26JUL23-4.100,yes,0.4400,0.4200,0.000000,0.000000,-0.003200,-0.003200,2026-07-22T14:53:57-04:00,2026-07-22T14:32:30-04:00
trade,0.04,KXAAAGASD-26JUL23-4.095,yes,0.7300,0.7400,0.000000,0.000000,0.000400,0.000400,2026-07-22T15:04:01-04:00,2026-07-22T14:32:26-04:00
trade,8.96,KXAAAGASD-26JUL23-4.095,yes,0.7300,0.7400,0.000000,0.000000,0.089600,0.089600,2026-07-22T15:04:01-04:00,2026-07-22T14:53:23-04:00
trade,6.03,KXAAAGASD-26JUL23-4.100,no,0.5800,0.5300,0.000000,0.000000,-0.301500,-0.301500,2026-07-22T15:19:40-04:00,2026-07-22T14:53:57-04:00
trade,5.48,KXAAAGASD-26JUL23-4.100,no,0.5800,0.5300,0.000000,0.000000,-0.274000,-0.274000,2026-07-22T15:19:59-04:00,2026-07-22T14:53:57-04:00
trade,0.33,KXAAAGASD-26JUL23-4.100,no,0.5800,0.5300,0.000000,0.000000,-0.016500,-0.016500,2026-07-22T15:25:48-04:00,2026-07-22T14:53:57-04:00
trade,0.04,KXAAAGASD-26JUL23-4.095,yes,0.7300,0.7300,0.000000,0.000000,0.000000,0.000000,2026-07-22T15:39:46-04:00,2026-07-22T14:53:23-04:00
trade,9.96,KXAAAGASD-26JUL23-4.095,yes,0.7300,0.7300,0.000000,0.000000,0.000000,0.000000,2026-07-22T15:39:46-04:00,2026-07-22T15:03:51-04:00
trade,10.00,KXAAAGASD-26JUL23-4.105,no,0.7400,0.7400,0.000000,0.000000,0.000000,0.000000,2026-07-22T15:42:41-04:00,2026-07-22T15:18:30-04:00
trade,8.11,KXAAAGASD-26JUL23-4.090,yes,0.8300,0.8200,0.000000,0.000000,-0.081100,-0.081100,2026-07-22T16:22:04-04:00,2026-07-22T14:32:30-04:00
trade,7.89,KXAAAGASD-26JUL23-4.090,yes,0.8200,0.8200,0.000000,0.000000,0.000000,0.000000,2026-07-22T16:22:04-04:00,2026-07-22T14:39:13-04:00
trade,0.04,KXAAAGASD-26JUL23-4.095,yes,0.7300,0.7400,0.000000,0.000000,0.000400,0.000400,2026-07-22T16:27:17-04:00,2026-07-22T15:03:51-04:00
trade,0.61,KXAAAGASD-26JUL23-4.095,no,0.2600,0.2800,0.000000,0.000000,0.012200,0.012200,2026-07-22T16:30:08-04:00,2026-07-22T16:27:17-04:00
trade,7.00,KXAAAGASD-26JUL23-4.105,yes,0.2600,0.2100,0.000000,0.000000,-0.350000,-0.350000,2026-07-22T16:42:52-04:00,2026-07-22T15:42:41-04:00
trade,1.00,KXAAAGASD-26JUL23-4.105,yes,0.1900,0.2100,0.000000,0.000000,0.020000,0.020000,2026-07-22T16:42:52-04:00,2026-07-22T16:23:33-04:00
trade,0.11,KXAAAGASD-26JUL23-4.090,yes,0.8200,0.8000,0.000000,0.000000,-0.002200,-0.002200,2026-07-22T16:46:31-04:00,2026-07-22T14:39:13-04:00
trade,2.87,KXAAAGASD-26JUL23-4.100,yes,0.4700,0.4000,0.000000,0.000000,-0.200900,-0.200900,2026-07-22T17:23:24-04:00,2026-07-22T15:25:48-04:00
trade,10.80,KXAAAGASD-26JUL23-4.100,yes,0.4700,0.4000,0.000000,0.000000,-0.756000,-0.756000,2026-07-22T17:50:14-04:00,2026-07-22T15:25:48-04:00
trade,1.20,KXAAAGASD-26JUL23-4.100,yes,0.3700,0.4000,0.000000,0.000000,0.036000,0.036000,2026-07-22T17:50:14-04:00,2026-07-22T15:42:56-04:00
trade,15.00,KXAAAGASD-26JUL23-4.100,yes,0.3700,0.4300,0.000000,0.000000,0.900000,0.900000,2026-07-22T17:52:54-04:00,2026-07-22T15:42:56-04:00
trade,0.80,KXAAAGASD-26JUL23-4.100,yes,0.3700,0.4300,0.000000,0.000000,0.048000,0.048000,2026-07-22T17:52:54-04:00,2026-07-22T15:42:56-04:00
trade,1.20,KXAAAGASD-26JUL23-4.100,no,0.5700,0.6200,0.000000,0.000000,0.060000,0.060000,2026-07-22T17:54:55-04:00,2026-07-22T17:52:54-04:00
trade,1.28,KXAAAGASD-26JUL23-4.100,no,0.5700,0.6200,0.000000,0.000000,0.064000,0.064000,2026-07-22T17:54:55-04:00,2026-07-22T17:53:30-04:00
trade,2.00,KXAAAGASD-26JUL23-4.095,yes,0.7200,0.7000,0.000000,0.000000,-0.040000,-0.040000,2026-07-22T18:01:12-04:00,2026-07-22T16:30:08-04:00
trade,0.39,KXAAAGASD-26JUL23-4.095,yes,0.7200,0.7000,0.000000,0.000000,-0.007800,-0.007800,2026-07-22T18:28:16-04:00,2026-07-22T16:30:08-04:00
trade,1.61,KXAAAGASD-26JUL23-4.095,yes,0.7000,0.7000,0.000000,0.000000,0.000000,0.000000,2026-07-22T18:28:16-04:00,2026-07-22T16:31:50-04:00
trade,11.00,KXAAAGASD-26JUL23-4.100,yes,0.3800,0.3300,0.000000,0.000000,-0.550000,-0.550000,2026-07-22T20:23:13-04:00,2026-07-22T17:54:55-04:00
trade,5.52,KXAAAGASD-26JUL23-4.100,yes,0.3800,0.3900,0.000000,0.000000,0.055200,0.055200,2026-07-22T20:26:52-04:00,2026-07-22T17:54:55-04:00
trade,6.77,KXAAAGASD-26JUL23-4.100,yes,0.3200,0.3900,0.000000,0.000000,0.473900,0.473900,2026-07-22T20:26:52-04:00,2026-07-22T17:55:22-04:00
trade,12.00,KXAAAGASD-26JUL23-4.100,yes,0.3200,0.3500,0.000000,0.000000,0.360000,0.360000,2026-07-22T20:38:09-04:00,2026-07-22T17:55:22-04:00
trade,0.39,KXAAAGASD-26JUL23-4.095,yes,0.7000,0.7300,0.000000,0.000000,0.011700,0.011700,2026-07-22T20:40:52-04:00,2026-07-22T16:31:50-04:00
trade,19.00,KXAAAGASD-26JUL23-4.095,no,0.2700,0.2900,0.000000,0.000000,0.380000,0.380000,2026-07-22T20:44:25-04:00,2026-07-22T20:40:52-04:00
trade,0.23,KXAAAGASD-26JUL23-4.100,yes,0.3200,0.3300,0.000000,0.000000,0.002300,0.002300,2026-07-22T20:47:37-04:00,2026-07-22T17:55:22-04:00
trade,2.85,KXAAAGASD-26JUL23-4.100,yes,0.3200,0.3300,0.000000,0.000000,0.028500,0.028500,2026-07-22T20:47:37-04:00,2026-07-22T20:38:47-04:00
trade,18.92,KXAAAGASD-26JUL23-4.100,yes,0.3400,0.3300,0.000000,0.000000,-0.189200,-0.189200,2026-07-22T20:47:37-04:00,2026-07-22T20:42:21-04:00
trade,1.00,KXAAAGASD-26JUL23-4.100,yes,0.3400,0.3600,0.000000,0.000000,0.020000,0.020000,2026-07-22T20:50:19-04:00,2026-07-22T20:42:21-04:00
trade,0.08,KXAAAGASD-26JUL23-4.100,yes,0.3400,0.3100,0.000000,0.000000,-0.002400,-0.002400,2026-07-22T20:54:55-04:00,2026-07-22T20:42:21-04:00
trade,19.92,KXAAAGASD-26JUL23-4.100,yes,0.3200,0.3100,0.000000,0.000000,-0.199200,-0.199200,2026-07-22T20:54:55-04:00,2026-07-22T20:52:42-04:00
trade,0.08,KXAAAGASD-26JUL23-4.100,yes,0.3200,0.3400,0.000000,0.000000,0.001600,0.001600,2026-07-22T21:00:43-04:00,2026-07-22T20:52:42-04:00
trade,0.61,KXAAAGASD-26JUL23-4.095,no,0.2700,0.3000,0.000000,0.000000,0.018300,0.018300,2026-07-22T21:00:52-04:00,2026-07-22T20:40:52-04:00
trade,0.73,KXAAAGASD-26JUL23-4.095,no,0.2900,0.3000,0.000000,0.000000,0.007300,0.007300,2026-07-22T21:00:52-04:00,2026-07-22T20:45:48-04:00
trade,18.66,KXAAAGASD-26JUL23-4.095,no,0.2900,0.3000,0.000000,0.000000,0.186600,0.186600,2026-07-22T21:01:40-04:00,2026-07-22T20:45:48-04:00
trade,0.61,KXAAAGASD-26JUL23-4.095,no,0.2900,0.3100,0.000000,0.000000,0.012200,0.012200,2026-07-22T21:08:15-04:00,2026-07-22T20:45:48-04:00
trade,18.39,KXAAAGASD-26JUL23-4.095,no,0.3000,0.3100,0.000000,0.000000,0.183900,0.183900,2026-07-22T21:08:15-04:00,2026-07-22T21:02:35-04:00
trade,9.92,KXAAAGASD-26JUL23-4.100,no,0.6600,0.6500,0.000000,0.000000,-0.099200,-0.099200,2026-07-22T21:09:54-04:00,2026-07-22T21:00:43-04:00
trade,9.08,KXAAAGASD-26JUL23-4.100,no,0.6400,0.6500,0.000000,0.000000,0.090800,0.090800,2026-07-22T21:09:54-04:00,2026-07-22T21:02:36-04:00
trade,0.92,KXAAAGASD-26JUL23-4.100,no,0.6400,0.6900,0.000000,0.000000,0.046000,0.046000,2026-07-22T21:10:35-04:00,2026-07-22T21:02:36-04:00
trade,0.61,KXAAAGASD-26JUL23-4.095,no,0.3000,0.3500,0.000000,0.000000,0.030500,0.030500,2026-07-22T21:13:11-04:00,2026-07-22T21:02:35-04:00
trade,0.71,KXAAAGASD-26JUL23-4.095,no,0.2900,0.3500,0.000000,0.000000,0.042600,0.042600,2026-07-22T21:13:11-04:00,2026-07-22T21:08:22-04:00
trade,0.68,KXAAAGASD-26JUL23-4.095,no,0.2900,0.3500,0.000000,0.000000,0.040800,0.040800,2026-07-22T21:13:11-04:00,2026-07-22T21:09:29-04:00
trade,0.61,KXAAAGASD-26JUL23-4.095,no,0.2900,0.4200,0.000000,0.000000,0.079300,0.079300,2026-07-22T21:15:38-04:00,2026-07-22T21:09:29-04:00
trade,17.08,KXAAAGASD-26JUL23-4.100,yes,0.3100,0.2700,0.000000,0.000000,-0.683200,-0.683200,2026-07-22T21:18:54-04:00,2026-07-22T21:10:35-04:00
trade,2.92,KXAAAGASD-26JUL23-4.100,yes,0.2400,0.2700,0.000000,0.000000,0.087600,0.087600,2026-07-22T21:18:54-04:00,2026-07-22T21:13:59-04:00
trade,12.00,KXAAAGASD-26JUL23-4.100,yes,0.2400,0.2800,0.000000,0.000000,0.480000,0.480000,2026-07-22T21:21:09-04:00,2026-07-22T21:13:59-04:00
trade,3.00,KXAAAGASD-26JUL23-4.095,yes,0.5800,0.6200,0.000000,0.000000,0.120000,0.120000,2026-07-22T21:24:37-04:00,2026-07-22T21:15:38-04:00
trade,0.39,KXAAAGASD-26JUL23-4.095,yes,0.5800,0.6800,0.000000,0.000000,0.039000,0.039000,2026-07-22T21:27:07-04:00,2026-07-22T21:15:38-04:00
trade,0.08,KXAAAGASD-26JUL23-4.100,yes,0.2400,0.2700,0.000000,0.000000,0.002400,0.002400,2026-07-22T21:27:57-04:00,2026-07-22T21:13:59-04:00
trade,15.00,KXAAAGASD-26JUL23-4.095,no,0.3200,0.3200,0.000000,0.000000,0.000000,0.000000,2026-07-22T21:29:31-04:00,2026-07-22T21:27:07-04:00
trade,0.61,KXAAAGASD-26JUL23-4.095,no,0.3200,0.3400,0.000000,0.000000,0.012200,0.012200,2026-07-22T21:31:19-04:00,2026-07-22T21:27:07-04:00
trade,1.39,KXAAAGASD-26JUL23-4.095,no,0.2900,0.3400,0.000000,0.000000,0.069500,0.069500,2026-07-22T21:31:19-04:00,2026-07-22T21:30:01-04:00
trade,7.92,KXAAAGASD-26JUL23-4.100,no,0.7300,0.7300,0.000000,0.000000,0.000000,0.000000,2026-07-22T21:38:08-04:00,2026-07-22T21:27:57-04:00
trade,2.00,KXAAAGASD-26JUL23-4.100,no,0.7100,0.7300,0.000000,0.000000,0.040000,0.040000,2026-07-22T21:38:08-04:00,2026-07-22T21:29:42-04:00
trade,1.08,KXAAAGASD-26JUL23-4.100,no,0.7200,0.7300,0.000000,0.000000,0.010800,0.010800,2026-07-22T21:38:08-04:00,2026-07-22T21:35:09-04:00
trade,0.61,KXAAAGASD-26JUL23-4.095,no,0.2900,0.3300,0.000000,0.000000,0.024400,0.024400,2026-07-22T21:38:48-04:00,2026-07-22T21:30:01-04:00
trade,0.48,KXAAAGASD-26JUL23-4.095,no,0.3300,0.3300,0.000000,0.000000,0.000000,0.000000,2026-07-22T21:38:48-04:00,2026-07-22T21:32:07-04:00
trade,0.97,KXAAAGASD-26JUL23-4.095,no,0.3300,0.3300,0.000000,0.000000,0.000000,0.000000,2026-07-22T21:38:49-04:00,2026-07-22T21:32:07-04:00
trade,1.94,KXAAAGASD-26JUL23-4.095,no,0.3300,0.3300,0.000000,0.000000,0.000000,0.000000,2026-07-22T21:38:49-04:00,2026-07-22T21:38:01-04:00
trade,0.06,KXAAAGASD-26JUL23-4.095,no,0.3300,0.3100,0.000000,0.000000,-0.001200,-0.001200,2026-07-22T21:43:52-04:00,2026-07-22T21:38:01-04:00
trade,14.94,KXAAAGASD-26JUL23-4.095,no,0.3000,0.3100,0.000000,0.000000,0.149400,0.149400,2026-07-22T21:43:52-04:00,2026-07-22T21:40:19-04:00
trade,0.06,KXAAAGASD-26JUL23-4.095,no,0.3000,0.3100,0.000000,0.000000,0.000600,0.000600,2026-07-22T21:43:52-04:00,2026-07-22T21:40:19-04:00
trade,0.92,KXAAAGASD-26JUL23-4.100,no,0.7200,0.7600,0.000000,0.000000,0.036800,0.036800,2026-07-22T21:44:20-04:00,2026-07-22T21:35:09-04:00
trade,0.31,KXAAAGASD-26JUL23-4.100,no,0.7000,0.7600,0.000000,0.000000,0.018600,0.018600,2026-07-22T21:44:20-04:00,2026-07-22T21:37:07-04:00
trade,1.77,KXAAAGASD-26JUL23-4.100,no,0.7900,0.7600,0.000000,0.000000,-0.053100,-0.053100,2026-07-22T21:44:20-04:00,2026-07-22T21:39:27-04:00
trade,1.94,KXAAAGASD-26JUL23-4.095,yes,0.6900,0.6900,0.000000,0.000000,0.000000,0.000000,2026-07-22T21:46:36-04:00,2026-07-22T21:43:52-04:00
trade,12.00,KXAAAGASD-26JUL23-4.095,no,0.3100,0.3200,0.000000,0.000000,0.120000,0.120000,2026-07-22T21:51:53-04:00,2026-07-22T21:46:36-04:00
trade,4.23,KXAAAGASD-26JUL23-4.100,no,0.7900,0.7600,0.000000,0.000000,-0.126900,-0.126900,2026-07-22T21:54:48-04:00,2026-07-22T21:39:27-04:00
trade,1.77,KXAAAGASD-26JUL23-4.100,no,0.7500,0.7600,0.000000,0.000000,0.017700,0.017700,2026-07-22T21:54:48-04:00,2026-07-22T21:52:51-04:00
trade,0.06,KXAAAGASD-26JUL23-4.095,no,0.3100,0.3500,0.000000,0.000000,0.002400,0.002400,2026-07-22T22:01:31-04:00,2026-07-22T21:46:36-04:00
trade,11.94,KXAAAGASD-26JUL23-4.095,no,0.3300,0.3500,0.000000,0.000000,0.238800,0.238800,2026-07-22T22:01:31-04:00,2026-07-22T21:58:33-04:00
trade,0.23,KXAAAGASD-26JUL23-4.100,no,0.7500,0.7300,0.000000,0.000000,-0.004600,-0.004600,2026-07-22T22:10:28-04:00,2026-07-22T21:52:51-04:00
trade,5.77,KXAAAGASD-26JUL23-4.100,no,0.7400,0.7300,0.000000,0.000000,-0.057700,-0.057700,2026-07-22T22:10:28-04:00,2026-07-22T21:58:37-04:00
trade,15.00,KXAAAGASW-26JUL27-4.120,no,0.0500,0.0600,0.000000,0.000000,0.150000,0.150000,2026-07-22T23:38:05-04:00,2026-07-22T15:19:24-04:00
credit,0.00,,,0.0000,0.0000,0.000000,0.000000,1.880000,1.880000,2026-07-22T02:29:17-04:00,2026-07-22T02:29:17-04:00
credit,0.00,,,0.0000,0.0000,0.000000,0.000000,2.470000,2.470000,2026-07-22T02:29:17-04:00,2026-07-22T02:29:17-04:00
credit,0.00,,,0.0000,0.0000,0.000000,0.000000,2.230000,2.230000,2026-07-22T02:58:57-04:00,2026-07-22T02:58:57-04:00